Bog areas,N,S,E,W
Northumberland,"55.60286445461926, -2.2120938386301905","55.00125159618187, -2.4321938904009666","55.276288131267165, -1.898192000658029","55.132950923357456, -2.840131388645575"
North Pennines,"54.96507129614943, -2.322064719659782","54.5058423373444, -2.1703078182617888","54.739128615232495, -1.8510950256660093","54.730064572075484, -2.5941805428561846"
Lake district,"54.76027016430303, -3.101781213049473","54.225353932523376, -3.0023542776507868","54.49064760140544, -2.677908488455077","54.416172820006416, -3.458114494326489"
Yorkshire dales,"54.5058423373444, -2.1703078182617888","54.01372882770705, -1.7202701124154398","54.20393394618901, -1.652241156616339","54.225353923127045, -2.6098795344036776"
North York moors,"54.56280323755887, -0.8469387874346052","54.058918884136105, -0.8836225316590492","54.384523607064835, -0.4700966876744107","54.28730639233559, -1.2838088322893437"
Forest of Bowland,"54.115645316808994, -2.5544003452552224","53.84107638591661, -2.5610701169323944","53.9903526162398, -2.3376327657471463","53.98054820697842, -2.71447486550734"
Nidderdale,"54.273677626981545, -1.8373998899592785","53.91578120483382, -1.7340184272924561","54.11955462460933, -1.5656066924438736","54.15824242359241, -1.844346243968477"
Southern Pennines,"53.934212196052485, -1.843886629834544","53.55738752382402, -2.1103283555775483","53.74178174771931, -1.8656456361726603","53.6626359616085, -2.6027499795950293"
Peak District,"53.59289203910374, -1.913187463951133","53.0465687601198, -1.7822747560561252","53.353799504991855, -1.5760424138521623","53.19160380730231, -2.1039080435128183"